345,64-bit
345,64-bit
345,64-bit
345,64-bit
345,64-bit
345,64-bit
345,64-bit
345,64-bit
345,64-bit
345,64-bit
345,64-bit
345,64-bit
345,64-bit
345,64-bit
345,64-bit
345,64-bit
345,64-bit
345,64-bit
345,64-bit
345,64-bit
345,64-bit
345,64-bit
345,64-bit
345,64-bit
345,64-bit
345,64-bit
345,64-bit
345,64-bit
345,64-bit
345,64-bit
345,64-bit
345,64-bit
345,64-bit
345,64-bit
345,64-bit
345,64-bit
345,64-bit
345,64-bit
345,64-bit
345,64-bit
345,64-bit
345,64-bit
345,64-bit
345,64-bit
345,64-bit
345,64-bit
345,64-bit
345,64-bit
345,64-bit
345,64-bit
345,64-bit
345,64-bit
345,64-bit
345,64-bit
345,64-bit
345,64-bit
345,64-bit
345,64-bit
345,64-bit
345,64-bit
345,64-bit
345,64-bit
345,64-bit
345,64-bit
345,64-bit
345,64-bit
345,64-bit
345,64-bit
345,64-bit
345,64-bit
345,64-bit
345,64-bit
345,64-bit
345,64-bit
345,64-bit
345,64-bit
345,64-bit
345,64-bit
345,64-bit
345,64-bit
345,64-bit
345,64-bit
345,64-bit
345,64-bit
345,64-bit
345,64-bit
345,64-bit
345,64-bit
345,64-bit
345,64-bit
345,64-bit
345,64-bit
345,64-bit
345,64-bit
345,64-bit
345,64-bit
345,64-bit
345,64-bit
345,64-bit
345,64-bit
345,64-bit
345,64-bit
345,64-bit
345,64-bit
345,64-bit
345,64-bit
345,64-bit
345,64-bit
345,64-bit
345,64-bit
345,64-bit
345,64-bit
345,64-bit
345,64-bit
345,64-bit
345,64-bit
345,64-bit
345,64-bit
345,64-bit
345,64-bit
345,64-bit
345,64-bit
345,64-bit
345,64-bit
345,64-bit
345,64-bit
345,64-bit
345,64-bit
345,64-bit
345,64-bit
345,64-bit
345,64-bit
345,64-bit
345,64-bit
345,64-bit
345,64-bit
345,64-bit
345,64-bit
345,64-bit
345,64-bit
345,64-bit
345,64-bit
345,64-bit
345,64-bit
345,64-bit
345,64-bit
345,64-bit
345,64-bit
345,64-bit
345,64-bit
345,64-bit
345,64-bit
345,64-bit
345,64-bit
345,64-bit
345,64-bit
345,64-bit
345,64-bit
345,64-bit
345,64-bit
345,64-bit
345,64-bit
345,64-bit
345,64-bit
345,64-bit
345,64-bit
345,64-bit
345,64-bit
345,64-bit
345,64-bit
345,64-bit
345,64-bit
345,64-bit
345,64-bit
345,64-bit
345,64-bit
345,64-bit
345,64-bit
345,64-bit
345,64-bit
345,64-bit
345,64-bit
345,64-bit
345,64-bit
345,64-bit
345,64-bit
345,64-bit
345,64-bit
345,64-bit
345,64-bit
345,64-bit
345,64-bit
345,64-bit
345,64-bit
345,64-bit
345,64-bit
345,64-bit
345,64-bit
345,64-bit
345,64-bit
345,64-bit
345,64-bit
345,64-bit
345,64-bit
345,64-bit
345,64-bit
345,64-bit
345,64-bit
345,64-bit
345,64-bit
345,64-bit
345,64-bit
345,64-bit
345,64-bit
345,64-bit
345,64-bit
345,64-bit
345,64-bit
345,64-bit
345,64-bit
345,64-bit
345,64-bit
345,64-bit
345,64-bit
345,64-bit
345,64-bit
345,64-bit
345,64-bit
345,64-bit
345,64-bit
345,64-bit
345,64-bit
345,64-bit
345,64-bit
345,64-bit
345,64-bit
345,64-bit
345,64-bit
345,64-bit
345,64-bit
345,64-bit
345,64-bit
345,64-bit
345,64-bit
345,64-bit
345,64-bit
345,64-bit
345,64-bit
345,64-bit
345,64-bit
345,64-bit
345,64-bit
345,64-bit
345,64-bit
345,64-bit
345,64-bit
345,64-bit
345,64-bit
345,64-bit
345,64-bit
345,64-bit
345,64-bit
345,64-bit
345,64-bit
345,64-bit
345,64-bit
345,64-bit
345,64-bit
345,64-bit
345,64-bit
345,64-bit
345,64-bit
345,64-bit
345,64-bit
345,64-bit
345,64-bit
345,64-bit
345,64-bit
345,64-bit
345,64-bit
345,64-bit
345,64-bit
345,64-bit
345,64-bit
345,64-bit
345,64-bit
345,64-bit
345,64-bit
345,64-bit
345,64-bit
345,64-bit
345,64-bit
345,64-bit
345,64-bit
345,64-bit
345,64-bit
345,64-bit
345,64-bit
345,64-bit
345,64-bit
345,64-bit
345,64-bit
345,64-bit
345,64-bit
345,64-bit
345,64-bit
345,64-bit
345,64-bit
345,64-bit
345,64-bit
345,64-bit
345,64-bit
345,64-bit
345,64-bit
345,64-bit
345,64-bit
345,64-bit
345,64-bit
345,64-bit
345,64-bit
345,64-bit
345,64-bit
345,64-bit
345,64-bit
345,64-bit
345,64-bit
345,64-bit
345,64-bit
345,64-bit
345,64-bit
345,64-bit
345,64-bit
345,64-bit
345,64-bit
345,64-bit
345,64-bit
345,64-bit
345,64-bit
345,64-bit
345,64-bit
345,64-bit
345,64-bit
345,64-bit
345,64-bit
345,64-bit
94,32-bit ARM
94,32-bit ARM
94,32-bit ARM
94,32-bit ARM
94,32-bit ARM
94,32-bit ARM
94,32-bit ARM
94,32-bit ARM
94,32-bit ARM
94,32-bit ARM
94,32-bit ARM
94,32-bit ARM
94,32-bit ARM
94,32-bit ARM
94,32-bit ARM
94,32-bit ARM
94,32-bit ARM
94,32-bit ARM
94,32-bit ARM
94,32-bit ARM
94,32-bit ARM
94,32-bit ARM
94,32-bit ARM
94,32-bit ARM
94,32-bit ARM
94,32-bit ARM
94,32-bit ARM
94,32-bit ARM
94,32-bit ARM
94,32-bit ARM
94,32-bit ARM
94,32-bit ARM
94,32-bit ARM
94,32-bit ARM
94,32-bit ARM
94,32-bit ARM
94,32-bit ARM
94,32-bit ARM
94,32-bit ARM
94,32-bit ARM
94,32-bit ARM
94,32-bit ARM
94,32-bit ARM
94,32-bit ARM
94,32-bit ARM
94,32-bit ARM
94,32-bit ARM
94,32-bit ARM
94,32-bit ARM
94,32-bit ARM
94,32-bit ARM
94,32-bit ARM
94,32-bit ARM
94,32-bit ARM
94,32-bit ARM
94,32-bit ARM
94,32-bit ARM
94,32-bit ARM
94,32-bit ARM
94,32-bit ARM
94,32-bit ARM
94,32-bit ARM
94,32-bit ARM
94,32-bit ARM
94,32-bit ARM
94,32-bit ARM
94,32-bit ARM
94,32-bit ARM
94,32-bit ARM
94,32-bit ARM
94,32-bit ARM
94,32-bit ARM
94,32-bit ARM
94,32-bit ARM
94,32-bit ARM
94,32-bit ARM
94,32-bit ARM
94,32-bit ARM
94,32-bit ARM
94,32-bit ARM
94,32-bit ARM
94,32-bit ARM
94,32-bit ARM
94,32-bit ARM
94,32-bit ARM
94,32-bit ARM
94,32-bit ARM
94,32-bit ARM
94,32-bit ARM
94,32-bit ARM
94,32-bit ARM
94,32-bit ARM
94,32-bit ARM
94,32-bit ARM
71,32-bit
71,32-bit
71,32-bit
71,32-bit
71,32-bit
71,32-bit
71,32-bit
71,32-bit
71,32-bit
71,32-bit
71,32-bit
71,32-bit
71,32-bit
71,32-bit
71,32-bit
71,32-bit
71,32-bit
71,32-bit
71,32-bit
71,32-bit
71,32-bit
71,32-bit
71,32-bit
71,32-bit
71,32-bit
71,32-bit
71,32-bit
71,32-bit
71,32-bit
71,32-bit
71,32-bit
71,32-bit
71,32-bit
71,32-bit
71,32-bit
71,32-bit
71,32-bit
71,32-bit
71,32-bit
71,32-bit
71,32-bit
71,32-bit
71,32-bit
71,32-bit
71,32-bit
71,32-bit
71,32-bit
71,32-bit
71,32-bit
71,32-bit
71,32-bit
71,32-bit
71,32-bit
71,32-bit
71,32-bit
71,32-bit
71,32-bit
71,32-bit
71,32-bit
71,32-bit
71,32-bit
71,32-bit
71,32-bit
71,32-bit
71,32-bit
71,32-bit
71,32-bit
71,32-bit
71,32-bit
71,32-bit
71,32-bit
10,64-bit ARM
10,64-bit ARM
10,64-bit ARM
10,64-bit ARM
10,64-bit ARM
10,64-bit ARM
10,64-bit ARM
10,64-bit ARM
10,64-bit ARM
10,64-bit ARM
