66,Microsoft® Windows® Operating System
66,Microsoft® Windows® Operating System
66,Microsoft® Windows® Operating System
66,Microsoft® Windows® Operating System
66,Microsoft® Windows® Operating System
66,Microsoft® Windows® Operating System
66,Microsoft® Windows® Operating System
66,Microsoft® Windows® Operating System
66,Microsoft® Windows® Operating System
66,Microsoft® Windows® Operating System
66,Microsoft® Windows® Operating System
66,Microsoft® Windows® Operating System
66,Microsoft® Windows® Operating System
66,Microsoft® Windows® Operating System
66,Microsoft® Windows® Operating System
66,Microsoft® Windows® Operating System
66,Microsoft® Windows® Operating System
66,Microsoft® Windows® Operating System
66,Microsoft® Windows® Operating System
66,Microsoft® Windows® Operating System
66,Microsoft® Windows® Operating System
66,Microsoft® Windows® Operating System
66,Microsoft® Windows® Operating System
66,Microsoft® Windows® Operating System
66,Microsoft® Windows® Operating System
66,Microsoft® Windows® Operating System
66,Microsoft® Windows® Operating System
66,Microsoft® Windows® Operating System
66,Microsoft® Windows® Operating System
66,Microsoft® Windows® Operating System
66,Microsoft® Windows® Operating System
66,Microsoft® Windows® Operating System
66,Microsoft® Windows® Operating System
66,Microsoft® Windows® Operating System
66,Microsoft® Windows® Operating System
66,Microsoft® Windows® Operating System
66,Microsoft® Windows® Operating System
66,Microsoft® Windows® Operating System
66,Microsoft® Windows® Operating System
66,Microsoft® Windows® Operating System
66,Microsoft® Windows® Operating System
66,Microsoft® Windows® Operating System
66,Microsoft® Windows® Operating System
66,Microsoft® Windows® Operating System
66,Microsoft® Windows® Operating System
66,Microsoft® Windows® Operating System
66,Microsoft® Windows® Operating System
66,Microsoft® Windows® Operating System
66,Microsoft® Windows® Operating System
66,Microsoft® Windows® Operating System
66,Microsoft® Windows® Operating System
66,Microsoft® Windows® Operating System
66,Microsoft® Windows® Operating System
66,Microsoft® Windows® Operating System
66,Microsoft® Windows® Operating System
66,Microsoft® Windows® Operating System
66,Microsoft® Windows® Operating System
66,Microsoft® Windows® Operating System
66,Microsoft® Windows® Operating System
66,Microsoft® Windows® Operating System
66,Microsoft® Windows® Operating System
66,Microsoft® Windows® Operating System
66,Microsoft® Windows® Operating System
66,Microsoft® Windows® Operating System
66,Microsoft® Windows® Operating System
66,Microsoft® Windows® Operating System
